count	u	l	epoch
24.793920607939206	30	19	T1
26.753124687531248	32	22	T2
