count	u	l	epoch
18.41925807419258	22	15	T1
26.4977502249775	31	22	T2
